{
    "id": "deltacomb_extruder_0",
    "version": 2,
    "name": "Extruder 1",
    "inherits": "fdmextruder",
    "metadata": {
        "machine": "deltacomb",
        "position": "0"
    },

    "overrides": {
        "extruder_nr":               { "default_value": 0 },
        "machine_nozzle_size":       { "default_value": 0.4 },
        "material_diameter":         { "default_value": 1.75 },
        "machine_nozzle_offset_x":   { "default_value": 0.0 },
        "machine_nozzle_offset_y":   { "default_value": 0.0 }
    }
}
